[
  {
    "id": "f075fa4e-787d-457d-bbbe-b09db35c4600",
    "data": [
      {
        "text": "gostaria de limpar a agenda",
        "userDefined": false
      }
    ],
    "isTemplate": false,
    "count": 0,
    "lang": "pt-br",
    "updated": 0
  },
  {
    "id": "6f0845dd-2072-4b43-a9b3-bdb1543700b9",
    "data": [
      {
        "text": "quero apagar da agenda",
        "userDefined": false
      }
    ],
    "isTemplate": false,
    "count": 0,
    "lang": "pt-br",
    "updated": 0
  },
  {
    "id": "93758bed-fa9f-4a44-95b7-27385defdfdd",
    "data": [
      {
        "text": "quero deletar ",
        "userDefined": false
      },
      {
        "text": "um",
        "userDefined": false
      },
      {
        "text": " evento",
        "userDefined": false
      }
    ],
    "isTemplate": false,
    "count": 0,
    "lang": "pt-br",
    "updated": 0
  },
  {
    "id": "c2f0d63a-5695-4b5c-905d-35d596cb4263",
    "data": [
      {
        "text": "quero excluir ",
        "userDefined": false
      },
      {
        "text": "um",
        "userDefined": false
      },
      {
        "text": " compromisso",
        "userDefined": false
      }
    ],
    "isTemplate": false,
    "count": 0,
    "lang": "pt-br",
    "updated": 0
  }
]